date,keyword,rank
2026-08-02 16:24:57,Delhi to Ayodhya tour package,-1
2026-08-02 16:24:57,Mumbai to Ayodhya tour package,-1
2026-08-02 16:24:57,Ahmedabad to Ayodhya tour package,-1
2026-08-02 16:24:57,ayodhya to varanasi distance,-1
2026-08-02 16:24:57,lucknow to ayodhya same day tour,-1
2026-08-02 16:26:42,Delhi to Ayodhya tour package,-1
2026-08-02 16:26:42,Mumbai to Ayodhya tour package,-1
2026-08-02 16:26:42,Ahmedabad to Ayodhya tour package,-1
2026-08-02 16:26:42,ayodhya to varanasi distance,-1
2026-08-02 16:26:42,lucknow to ayodhya same day tour,-1
2026-08-02 16:51:28,Delhi to Ayodhya tour package,-1
2026-08-02 16:51:28,Mumbai to Ayodhya tour package,-1
2026-08-02 16:51:28,Ahmedabad to Ayodhya tour package,-1
2026-08-02 16:51:28,ayodhya to varanasi distance,-1
2026-08-02 16:51:28,lucknow to ayodhya same day tour,-1
